{
  "margin_scale": 0.5842671956549867,
  "age_groups": {
    "u10": {
      "margin_mult": 2.1092771554760272,
      "mae": 2.729492053292673,
      "rmse": 3.5579677741496263,
      "blowout_mae": 4.059811658053079,
      "blowout_count": 74,
      "games": 204
    },
    "u11": {
      "margin_mult": 0.5,
      "mae": 3.0219247569107126,
      "rmse": 3.9585300802710317,
      "blowout_mae": 6.065855026758184,
      "blowout_count": 2789,
      "games": 10841
    },
    "unknown": {
      "margin_mult": 2.5,
      "mae": 2.4560922150400843,
      "rmse": 3.262454112252887,
      "blowout_mae": 5.280175304966726,
      "blowout_count": 84832,
      "games": 441361
    }
  },
  "overall_mae": 2.4697745361265047,
  "baseline_mae": 2.5726120045277363,
  "improvement": 0.10283746840123165
}