age_group,games,correct,accuracy
u14,12509,8315,0.664721400591574
unknown,437491,256279,0.585792622019653
