mean_error,median_error,mean_abs_error,median_abs_error,rmse,total_games
-0.18173271712740335,-0.21909610259320722,2.535707506281975,1.9440466200471744,3.3631828420308607,450000
