{
  "weights": {
    "composite_diff": 16.580185793897275,
    "variance": -0.059596022589836754,
    "sample_strength": -0.6024861075092446
  },
  "intercept": -0.629569663842416,
  "thresholds": {
    "high": 0.5680501839990721,
    "medium": 0.3798088736988595
  },
  "accuracy_improvement": 0.21399999999999997,
  "fitted_accuracy": 0.697,
  "baseline_accuracy": 0.483,
  "current_weights": {
    "composite_diff": 1.6,
    "variance": -1.0,
    "sample_strength": 0.6
  }
}